frame_number,centroid_x,centroid_y,is_valid,confidence
0,,,0,0.0000
1,,,0,0.0000
2,281.5000,379.5000,1,0.9780
3,291.5000,354.5000,1,0.9797
4,299.5000,330.5000,1,0.9798
5,305.5000,306.5000,1,0.9805
6,309.5000,289.5000,1,0.9817
7,312.5000,277.5000,1,0.9831
8,314.5000,267.5000,1,0.9844
9,316.5000,261.5000,1,0.9857
10,317.5000,256.5000,1,0.9867
11,317.5000,252.5000,1,0.9877
12,318.5000,249.5000,1,0.9885
13,319.5000,246.5000,1,0.9892
14,319.5000,245.5000,1,0.9899
15,319.5000,245.5000,1,0.9905
16,319.5000,243.5000,1,0.9910
17,319.5000,243.5000,1,0.9914
18,319.5000,243.5000,1,0.9918
19,320.5000,242.5000,1,0.9922
20,319.5000,242.5000,1,0.9925
21,319.5000,242.5000,1,0.9928
22,319.5000,241.5000,1,0.9931
23,319.5000,241.5000,1,0.9934
24,319.5000,242.5000,1,0.9936
25,319.5000,241.5000,1,0.9938
26,319.5000,241.5000,1,0.9940
27,319.5000,240.5000,1,0.9942
28,319.5000,241.5000,1,0.9943
29,319.5000,241.5000,1,0.9944
30,319.5000,241.5000,1,0.9946
31,318.5000,241.5000,1,0.9947
32,319.5000,242.5000,1,0.9948
33,318.5000,241.5000,1,0.9949
34,319.5000,241.5000,1,0.9950
35,318.5000,240.5000,1,0.9951
36,319.5000,241.5000,1,0.9951
37,318.5000,241.5000,1,0.9952
38,319.5000,241.5000,1,0.9952
39,318.5000,241.5000,1,0.9953
40,319.5000,241.5000,1,0.9953
41,318.5000,241.5000,1,0.9954
42,319.5000,240.5000,1,0.9954
43,318.5000,241.5000,1,0.9954
44,318.5000,241.5000,1,0.9955
45,318.5000,241.5000,1,0.9955
46,318.5000,241.5000,1,0.9955
47,319.5000,241.5000,1,0.9955
48,318.5000,241.5000,1,0.9955
49,318.5000,241.5000,1,0.9956
50,319.5000,241.5000,1,0.9956
51,318.5000,240.5000,1,0.9956
52,318.5000,241.5000,1,0.9956
53,317.5000,240.5000,1,0.9956
54,318.5000,241.5000,1,0.9956
55,318.5000,241.5000,1,0.9956
56,318.5000,241.5000,1,0.9956
57,318.5000,240.5000,1,0.9956
58,318.5000,241.5000,1,0.9956
59,318.5000,240.5000,1,0.9956
60,318.5000,241.5000,1,0.9956
61,317.5000,241.5000,1,0.9956
62,318.5000,240.5000,1,0.9956
63,318.5000,241.5000,1,0.9956
64,318.5000,240.5000,1,0.9956
65,318.5000,241.5000,1,0.9956
66,318.5000,240.5000,1,0.9956
67,317.5000,241.5000,1,0.9956
68,317.5000,240.5000,1,0.9956
69,317.5000,240.5000,1,0.9956
70,317.5000,241.5000,1,0.9956
71,318.5000,240.5000,1,0.9956
72,317.5000,241.5000,1,0.9956
73,318.5000,240.5000,1,0.9956
74,318.5000,240.5000,1,0.9956
75,318.5000,241.5000,1,0.9956
76,318.5000,240.5000,1,0.9956
77,318.5000,240.5000,1,0.9956
78,317.5000,241.5000,1,0.9956
79,318.5000,240.5000,1,0.9956
80,317.5000,240.5000,1,0.9956
81,316.5000,239.5000,1,0.9956
82,317.5000,240.5000,1,0.9956
83,317.5000,240.5000,1,0.9956
84,317.5000,240.5000,1,0.9956
85,317.5000,240.5000,1,0.9956
86,317.5000,240.5000,1,0.9956
87,317.5000,240.5000,1,0.9956
88,318.5000,239.5000,1,0.9956
89,317.5000,240.5000,1,0.9956
90,318.5000,240.5000,1,0.9956
91,316.5000,240.5000,1,0.9956
92,317.5000,239.5000,1,0.9956
93,317.5000,239.5000,1,0.9956
94,317.5000,240.5000,1,0.9956
95,317.5000,240.5000,1,0.9956
96,318.5000,239.5000,1,0.9956
97,316.5000,239.5000,1,0.9956
98,317.5000,239.5000,1,0.9956
99,317.5000,239.5000,1,0.9956
100,317.5000,238.5000,1,0.9956
101,317.5000,238.5000,1,0.9956
102,317.5000,240.5000,1,0.9956
103,317.5000,239.5000,1,0.9956
104,317.5000,239.5000,1,0.9956
105,316.5000,239.5000,1,0.9956
106,317.5000,239.5000,1,0.9956
107,317.5000,238.5000,1,0.9956
108,316.5000,238.5000,1,0.9956
109,317.5000,239.5000,1,0.9956
110,317.5000,238.5000,1,0.9956
111,316.5000,238.5000,1,0.9956
112,317.5000,239.5000,1,0.9956
113,317.5000,238.5000,1,0.9956
114,317.5000,239.5000,1,0.9956
115,317.5000,238.5000,1,0.9956
116,317.5000,238.5000,1,0.9956
117,317.5000,239.5000,1,0.9956
118,317.5000,238.5000,1,0.9956
119,316.5000,239.5000,1,0.9956
120,317.5000,237.5000,1,0.9956
121,317.5000,238.5000,1,0.9956
122,316.5000,238.5000,1,0.9956
123,317.5000,238.5000,1,0.9956
124,316.5000,238.5000,1,0.9956
125,317.5000,238.5000,1,0.9956
126,316.5000,239.5000,1,0.9956
127,317.5000,237.5000,1,0.9956
128,317.5000,238.5000,1,0.9956
129,317.5000,238.5000,1,0.9956
130,317.5000,238.5000,1,0.9956
131,316.5000,238.5000,1,0.9956
132,317.5000,238.5000,1,0.9956
133,317.5000,238.5000,1,0.9956
134,317.5000,238.5000,1,0.9956
135,316.5000,237.5000,1,0.9956
136,317.5000,238.5000,1,0.9956
137,316.5000,238.5000,1,0.9956
138,317.5000,237.5000,1,0.9956
139,317.5000,238.5000,1,0.9956
140,316.5000,238.5000,1,0.9956
141,317.5000,237.5000,1,0.9956
142,316.5000,238.5000,1,0.9956
143,317.5000,238.5000,1,0.9956
144,316.5000,237.5000,1,0.9956
145,317.5000,238.5000,1,0.9956
146,317.5000,237.5000,1,0.9956
147,317.5000,238.5000,1,0.9956
148,317.5000,237.5000,1,0.9956
149,316.5000,238.5000,1,0.9956
150,317.5000,238.5000,1,0.9956
151,317.5000,237.5000,1,0.9956
152,317.5000,238.5000,1,0.9956
153,317.5000,237.5000,1,0.9956
154,316.5000,237.5000,1,0.9956
155,317.5000,237.5000,1,0.9956
156,316.5000,237.5000,1,0.9956
157,317.5000,237.5000,1,0.9956
158,317.5000,237.5000,1,0.9956
159,316.5000,237.5000,1,0.9956
160,317.5000,237.5000,1,0.9956
161,317.5000,237.5000,1,0.9956
162,317.5000,237.5000,1,0.9956
163,317.5000,237.5000,1,0.9956
164,317.5000,236.5000,1,0.9956
165,317.5000,237.5000,1,0.9956
166,317.5000,237.5000,1,0.9956
167,316.5000,237.5000,1,0.9956
168,317.5000,237.5000,1,0.9956
169,317.5000,237.5000,1,0.9956
170,317.5000,237.5000,1,0.9956
171,317.5000,236.5000,1,0.9956
172,317.5000,237.5000,1,0.9956
173,316.5000,237.5000,1,0.9956
174,317.5000,237.5000,1,0.9956
175,317.5000,236.5000,1,0.9956
176,317.5000,236.5000,1,0.9956
177,317.5000,236.5000,1,0.9956
178,317.5000,237.5000,1,0.9956
179,318.5000,237.5000,1,0.9956
180,317.5000,237.5000,1,0.9956
181,317.5000,236.5000,1,0.9956
182,318.5000,236.5000,1,0.9956
183,317.5000,236.5000,1,0.9956
184,317.5000,236.5000,1,0.9956
185,317.5000,236.5000,1,0.9956
186,317.5000,236.5000,1,0.9956
187,317.5000,236.5000,1,0.9956
188,318.5000,237.5000,1,0.9956
189,317.5000,236.5000,1,0.9956
190,317.5000,236.5000,1,0.9956
191,318.5000,236.5000,1,0.9956
192,317.5000,237.5000,1,0.9956
193,317.5000,236.5000,1,0.9956
194,318.5000,236.5000,1,0.9956
195,317.5000,237.5000,1,0.9956
196,317.5000,236.5000,1,0.9956
197,318.5000,237.5000,1,0.9956
198,317.5000,235.5000,1,0.9956
199,317.5000,236.5000,1,0.9956
200,318.5000,236.5000,1,0.9956
201,317.5000,236.5000,1,0.9956
202,317.5000,236.5000,1,0.9956
203,318.5000,236.5000,1,0.9956
204,317.5000,236.5000,1,0.9956
205,317.5000,236.5000,1,0.9956
206,318.5000,236.5000,1,0.9956
207,318.5000,236.5000,1,0.9956
208,317.5000,235.5000,1,0.9956
209,318.5000,236.5000,1,0.9956
210,317.5000,236.5000,1,0.9956
211,317.5000,235.5000,1,0.9956
212,318.5000,236.5000,1,0.9956
213,318.5000,236.5000,1,0.9956
214,318.5000,235.5000,1,0.9956
215,318.5000,236.5000,1,0.9956
216,317.5000,236.5000,1,0.9956
217,318.5000,235.5000,1,0.9956
218,318.5000,236.5000,1,0.9956
219,318.5000,235.5000,1,0.9956
220,318.5000,236.5000,1,0.9956
221,318.5000,235.5000,1,0.9956
222,318.5000,236.5000,1,0.9956
223,318.5000,236.5000,1,0.9956
224,318.5000,235.5000,1,0.9956
225,318.5000,236.5000,1,0.9956
226,318.5000,235.5000,1,0.9956
227,318.5000,235.5000,1,0.9956
228,318.5000,235.5000,1,0.9956
229,319.5000,235.5000,1,0.9956
230,318.5000,236.5000,1,0.9956
231,318.5000,235.5000,1,0.9956
232,318.5000,236.5000,1,0.9956
233,318.5000,235.5000,1,0.9956
234,319.5000,235.5000,1,0.9956
235,318.5000,236.5000,1,0.9956
236,318.5000,235.5000,1,0.9956
237,318.5000,235.5000,1,0.9956
238,319.5000,236.5000,1,0.9956
239,318.5000,235.5000,1,0.9956
240,319.5000,235.5000,1,0.9956
241,318.5000,236.5000,1,0.9956
242,319.5000,235.5000,1,0.9956
243,318.5000,235.5000,1,0.9956
244,319.5000,235.5000,1,0.9956
245,318.5000,235.5000,1,0.9956
246,318.5000,235.5000,1,0.9956
247,318.5000,235.5000,1,0.9956
248,319.5000,235.5000,1,0.9956
249,318.5000,236.5000,1,0.9956
250,319.5000,235.5000,1,0.9956
251,318.5000,235.5000,1,0.9956
252,319.5000,235.5000,1,0.9956
253,319.5000,235.5000,1,0.9956
254,318.5000,235.5000,1,0.9956
255,319.5000,235.5000,1,0.9956
256,318.5000,236.5000,1,0.9956
257,319.5000,235.5000,1,0.9956
258,318.5000,235.5000,1,0.9956
259,319.5000,235.5000,1,0.9956
260,319.5000,235.5000,1,0.9956
261,319.5000,235.5000,1,0.9956
262,319.5000,235.5000,1,0.9956
263,319.5000,235.5000,1,0.9956
264,318.5000,235.5000,1,0.9956
265,319.5000,235.5000,1,0.9956
266,319.5000,235.5000,1,0.9956
267,319.5000,235.5000,1,0.9956
268,319.5000,235.5000,1,0.9956
269,319.5000,235.5000,1,0.9956
270,319.5000,235.5000,1,0.9956
271,319.5000,235.5000,1,0.9956
272,319.5000,235.5000,1,0.9956
273,320.5000,235.5000,1,0.9956
274,319.5000,234.5000,1,0.9956
275,319.5000,235.5000,1,0.9956
276,319.5000,235.5000,1,0.9956
277,320.5000,235.5000,1,0.9956
278,319.5000,235.5000,1,0.9956
279,319.5000,235.5000,1,0.9956
280,320.5000,235.5000,1,0.9956
281,320.5000,235.5000,1,0.9956
282,320.5000,235.5000,1,0.9956
283,320.5000,235.5000,1,0.9956
284,320.5000,235.5000,1,0.9956
285,320.5000,235.5000,1,0.9956
286,320.5000,235.5000,1,0.9956
287,321.5000,235.5000,1,0.9956
288,321.5000,235.5000,1,0.9956
289,321.5000,235.5000,1,0.9956
290,320.5000,235.5000,1,0.9956
291,320.5000,235.5000,1,0.9956
292,320.5000,235.5000,1,0.9956
293,320.5000,235.5000,1,0.9956
294,321.5000,234.5000,1,0.9956
295,320.5000,235.5000,1,0.9956
296,321.5000,235.5000,1,0.9956
297,321.5000,236.5000,1,0.9956
298,321.5000,235.5000,1,0.9956
299,320.5000,235.5000,1,0.9956
300,321.5000,235.5000,1,0.9956
301,321.5000,235.5000,1,0.9956
302,320.5000,235.5000,1,0.9956
303,321.5000,235.5000,1,0.9956
304,321.5000,235.5000,1,0.9956
305,320.5000,235.5000,1,0.9956
306,321.5000,235.5000,1,0.9956
307,322.5000,235.5000,1,0.9956
308,321.5000,236.5000,1,0.9956
309,321.5000,235.5000,1,0.9956
310,321.5000,235.5000,1,0.9956
311,321.5000,235.5000,1,0.9956
312,320.5000,235.5000,1,0.9956
313,321.5000,235.5000,1,0.9956
314,321.5000,235.5000,1,0.9956
315,321.5000,236.5000,1,0.9956
316,321.5000,235.5000,1,0.9956
317,321.5000,235.5000,1,0.9956
318,321.5000,235.5000,1,0.9956
319,321.5000,235.5000,1,0.9956
320,321.5000,235.5000,1,0.9956
321,321.5000,235.5000,1,0.9956
322,321.5000,235.5000,1,0.9956
323,322.5000,236.5000,1,0.9956
324,321.5000,235.5000,1,0.9956
325,321.5000,235.5000,1,0.9956
326,321.5000,235.5000,1,0.9956
327,322.5000,236.5000,1,0.9956
328,321.5000,235.5000,1,0.9956
329,322.5000,236.5000,1,0.9956
330,322.5000,235.5000,1,0.9956
331,321.5000,235.5000,1,0.9956
332,322.5000,235.5000,1,0.9956
333,321.5000,235.5000,1,0.9956
334,321.5000,236.5000,1,0.9956
335,322.5000,235.5000,1,0.9956
336,321.5000,236.5000,1,0.9956
337,322.5000,235.5000,1,0.9956
338,322.5000,235.5000,1,0.9956
339,322.5000,236.5000,1,0.9956
340,322.5000,235.5000,1,0.9956
341,322.5000,236.5000,1,0.9956
342,321.5000,235.5000,1,0.9956
343,322.5000,236.5000,1,0.9956
344,322.5000,236.5000,1,0.9956
345,322.5000,235.5000,1,0.9956
346,323.5000,236.5000,1,0.9956
347,322.5000,235.5000,1,0.9956
348,322.5000,235.5000,1,0.9956
349,321.5000,236.5000,1,0.9956
350,322.5000,236.5000,1,0.9956
351,323.5000,236.5000,1,0.9956
352,322.5000,236.5000,1,0.9956
353,322.5000,235.5000,1,0.9956
354,322.5000,236.5000,1,0.9956
355,322.5000,236.5000,1,0.9956
356,322.5000,235.5000,1,0.9956
357,323.5000,236.5000,1,0.9956
358,323.5000,236.5000,1,0.9956
359,322.5000,235.5000,1,0.9956
360,322.5000,236.5000,1,0.9956
361,322.5000,236.5000,1,0.9956
362,323.5000,236.5000,1,0.9956
363,323.5000,236.5000,1,0.9956
364,322.5000,236.5000,1,0.9956
365,322.5000,237.5000,1,0.9956
366,323.5000,236.5000,1,0.9956
367,323.5000,236.5000,1,0.9956
368,323.5000,236.5000,1,0.9956
369,323.5000,236.5000,1,0.9956
370,323.5000,236.5000,1,0.9956
371,323.5000,237.5000,1,0.9956
372,322.5000,236.5000,1,0.9956
373,322.5000,236.5000,1,0.9956
374,322.5000,236.5000,1,0.9956
375,322.5000,236.5000,1,0.9956
376,323.5000,236.5000,1,0.9956
377,323.5000,237.5000,1,0.9956
378,323.5000,236.5000,1,0.9956
379,323.5000,236.5000,1,0.9956
380,322.5000,237.5000,1,0.9956
381,324.5000,236.5000,1,0.9956
382,323.5000,236.5000,1,0.9956
383,323.5000,237.5000,1,0.9956
384,323.5000,236.5000,1,0.9956
385,323.5000,236.5000,1,0.9956
386,323.5000,237.5000,1,0.9956
387,323.5000,237.5000,1,0.9956
388,323.5000,236.5000,1,0.9956
389,324.5000,237.5000,1,0.9956
390,323.5000,237.5000,1,0.9956
391,323.5000,236.5000,1,0.9956
392,323.5000,237.5000,1,0.9956
393,323.5000,237.5000,1,0.9956
394,324.5000,236.5000,1,0.9956
395,323.5000,237.5000,1,0.9956
396,323.5000,237.5000,1,0.9956
397,323.5000,237.5000,1,0.9956
398,324.5000,237.5000,1,0.9956
399,323.5000,237.5000,1,0.9956
400,323.5000,236.5000,1,0.9956
401,324.5000,237.5000,1,0.9956
402,323.5000,237.5000,1,0.9956
403,323.5000,238.5000,1,0.9956
404,324.5000,237.5000,1,0.9956
405,323.5000,237.5000,1,0.9956
406,324.5000,237.5000,1,0.9956
407,323.5000,237.5000,1,0.9956
408,323.5000,237.5000,1,0.9956
409,324.5000,238.5000,1,0.9956
410,323.5000,237.5000,1,0.9956
411,324.5000,238.5000,1,0.9956
412,323.5000,237.5000,1,0.9956
413,324.5000,238.5000,1,0.9956
414,323.5000,237.5000,1,0.9956
415,324.5000,237.5000,1,0.9956
416,323.5000,238.5000,1,0.9956
417,324.5000,237.5000,1,0.9956
418,323.5000,238.5000,1,0.9956
419,324.5000,237.5000,1,0.9956
420,324.5000,237.5000,1,0.9956
421,324.5000,238.5000,1,0.9956
422,324.5000,237.5000,1,0.9956
423,324.5000,238.5000,1,0.9956
424,323.5000,238.5000,1,0.9956
425,324.5000,238.5000,1,0.9956
426,323.5000,238.5000,1,0.9956
427,324.5000,238.5000,1,0.9956
428,324.5000,238.5000,1,0.9956
429,324.5000,238.5000,1,0.9956
430,324.5000,238.5000,1,0.9956
431,324.5000,238.5000,1,0.9956
432,324.5000,238.5000,1,0.9956
433,324.5000,238.5000,1,0.9956
434,324.5000,238.5000,1,0.9956
435,324.5000,238.5000,1,0.9956
436,324.5000,238.5000,1,0.9956
437,324.5000,238.5000,1,0.9956
438,323.5000,238.5000,1,0.9956
439,324.5000,238.5000,1,0.9956
440,324.5000,239.5000,1,0.9956
441,324.5000,238.5000,1,0.9956
442,324.5000,239.5000,1,0.9956
443,324.5000,238.5000,1,0.9956
444,324.5000,238.5000,1,0.9956
445,324.5000,238.5000,1,0.9956
446,323.5000,239.5000,1,0.9956
447,324.5000,239.5000,1,0.9956
448,324.5000,238.5000,1,0.9956
449,324.5000,238.5000,1,0.9956
450,324.5000,239.5000,1,0.9956
451,324.5000,238.5000,1,0.9956
452,324.5000,239.5000,1,0.9956
453,324.5000,238.5000,1,0.9956
454,324.5000,238.5000,1,0.9956
455,324.5000,239.5000,1,0.9956
456,324.5000,239.5000,1,0.9956
457,324.5000,238.5000,1,0.9956
458,324.5000,239.5000,1,0.9956
459,324.5000,239.5000,1,0.9956
460,324.5000,238.5000,1,0.9956
461,324.5000,239.5000,1,0.9956
462,325.5000,239.5000,1,0.9956
463,324.5000,239.5000,1,0.9956
464,324.5000,239.5000,1,0.9956
465,324.5000,239.5000,1,0.9956
466,324.5000,239.5000,1,0.9956
467,324.5000,239.5000,1,0.9956
468,324.5000,238.5000,1,0.9956
469,324.5000,239.5000,1,0.9956
470,325.5000,239.5000,1,0.9956
471,324.5000,239.5000,1,0.9956
472,324.5000,239.5000,1,0.9956
473,324.5000,240.5000,1,0.9956
474,324.5000,239.5000,1,0.9956
475,324.5000,239.5000,1,0.9956
476,324.5000,239.5000,1,0.9956
477,324.5000,239.5000,1,0.9956
478,324.5000,240.5000,1,0.9956
479,324.5000,240.5000,1,0.9956
480,324.5000,240.5000,1,0.9956
481,324.5000,240.5000,1,0.9956
482,324.5000,240.5000,1,0.9956
483,324.5000,240.5000,1,0.9956
484,324.5000,241.5000,1,0.9956
485,324.5000,240.5000,1,0.9956
486,324.5000,240.5000,1,0.9956
487,324.5000,240.5000,1,0.9956
488,324.5000,240.5000,1,0.9956
489,324.5000,240.5000,1,0.9956
490,324.5000,241.5000,1,0.9956
491,324.5000,241.5000,1,0.9956
492,324.5000,241.5000,1,0.9956
493,324.5000,241.5000,1,0.9956
494,324.5000,241.5000,1,0.9956
495,324.5000,240.5000,1,0.9956
496,324.5000,240.5000,1,0.9956
497,324.5000,241.5000,1,0.9956
498,324.5000,240.5000,1,0.9956
499,324.5000,241.5000,1,0.9956
500,324.5000,240.5000,1,0.9956
501,323.5000,241.5000,1,0.9956
502,324.5000,241.5000,1,0.9956
503,324.5000,241.5000,1,0.9956
504,324.5000,241.5000,1,0.9956
505,324.5000,241.5000,1,0.9956
506,324.5000,241.5000,1,0.9956
507,324.5000,241.5000,1,0.9956
508,324.5000,241.5000,1,0.9956
509,324.5000,240.5000,1,0.9956
510,324.5000,241.5000,1,0.9956
511,323.5000,241.5000,1,0.9956
512,324.5000,241.5000,1,0.9956
513,324.5000,241.5000,1,0.9956
514,324.5000,242.5000,1,0.9956
515,323.5000,241.5000,1,0.9956
516,324.5000,241.5000,1,0.9956
517,323.5000,241.5000,1,0.9956
518,324.5000,241.5000,1,0.9956
519,323.5000,241.5000,1,0.9956
520,324.5000,242.5000,1,0.9956
521,323.5000,241.5000,1,0.9956
522,324.5000,242.5000,1,0.9956
523,324.5000,241.5000,1,0.9956
524,324.5000,241.5000,1,0.9956
525,324.5000,241.5000,1,0.9956
526,323.5000,241.5000,1,0.9956
527,324.5000,242.5000,1,0.9956
528,323.5000,241.5000,1,0.9956
529,324.5000,242.5000,1,0.9956
530,324.5000,241.5000,1,0.9956
531,323.5000,242.5000,1,0.9956
532,324.5000,241.5000,1,0.9956
533,323.5000,242.5000,1,0.9956
534,323.5000,242.5000,1,0.9956
535,324.5000,242.5000,1,0.9956
536,323.5000,242.5000,1,0.9956
537,324.5000,241.5000,1,0.9956
538,324.5000,242.5000,1,0.9956
539,323.5000,242.5000,1,0.9956
540,323.5000,242.5000,1,0.9956
541,323.5000,242.5000,1,0.9956
542,323.5000,242.5000,1,0.9956
543,324.5000,242.5000,1,0.9956
544,323.5000,242.5000,1,0.9956
545,323.5000,242.5000,1,0.9956
546,324.5000,243.5000,1,0.9956
547,323.5000,242.5000,1,0.9956
548,323.5000,242.5000,1,0.9956
549,323.5000,242.5000,1,0.9956
550,323.5000,243.5000,1,0.9956
551,323.5000,242.5000,1,0.9956
552,323.5000,242.5000,1,0.9956
553,323.5000,242.5000,1,0.9956
554,323.5000,242.5000,1,0.9956
555,323.5000,243.5000,1,0.9956
556,323.5000,243.5000,1,0.9956
557,323.5000,243.5000,1,0.9956
558,323.5000,242.5000,1,0.9956
559,323.5000,242.5000,1,0.9956
560,323.5000,242.5000,1,0.9956
561,323.5000,242.5000,1,0.9956
562,322.5000,242.5000,1,0.9956
563,323.5000,243.5000,1,0.9956
564,323.5000,243.5000,1,0.9956
565,322.5000,242.5000,1,0.9956
566,323.5000,243.5000,1,0.9956
567,323.5000,243.5000,1,0.9956
568,322.5000,242.5000,1,0.9956
569,323.5000,243.5000,1,0.9956
570,323.5000,242.5000,1,0.9956
571,322.5000,244.5000,1,0.9956
572,323.5000,243.5000,1,0.9956
573,323.5000,243.5000,1,0.9956
574,322.5000,243.5000,1,0.9956
575,323.5000,243.5000,1,0.9956
576,323.5000,243.5000,1,0.9956
577,322.5000,242.5000,1,0.9956
578,322.5000,243.5000,1,0.9956
579,322.5000,243.5000,1,0.9956
580,322.5000,243.5000,1,0.9956
581,322.5000,243.5000,1,0.9956
582,322.5000,243.5000,1,0.9956
583,322.5000,244.5000,1,0.9956
584,323.5000,243.5000,1,0.9956
585,322.5000,243.5000,1,0.9956
586,322.5000,243.5000,1,0.9956
587,323.5000,243.5000,1,0.9956
588,322.5000,243.5000,1,0.9956
589,322.5000,243.5000,1,0.9956
590,322.5000,244.5000,1,0.9956
591,322.5000,243.5000,1,0.9956
592,322.5000,243.5000,1,0.9956
593,321.5000,243.5000,1,0.9956
594,322.5000,243.5000,1,0.9956
595,322.5000,244.5000,1,0.9956
596,322.5000,243.5000,1,0.9956
597,322.5000,244.5000,1,0.9956
598,321.5000,243.5000,1,0.9956
599,322.5000,243.5000,1,0.9956
600,322.5000,244.5000,1,0.9956
601,321.5000,243.5000,1,0.9956
602,322.5000,244.5000,1,0.9956
603,321.5000,243.5000,1,0.9956
604,322.5000,244.5000,1,0.9956
605,322.5000,244.5000,1,0.9956
606,321.5000,243.5000,1,0.9956
607,322.5000,244.5000,1,0.9956
608,321.5000,243.5000,1,0.9956
609,322.5000,244.5000,1,0.9956
610,321.5000,243.5000,1,0.9956
611,321.5000,244.5000,1,0.9956
612,321.5000,244.5000,1,0.9956
613,321.5000,243.5000,1,0.9956
614,322.5000,244.5000,1,0.9956
615,321.5000,244.5000,1,0.9956
616,322.5000,243.5000,1,0.9956
617,321.5000,244.5000,1,0.9956
618,321.5000,244.5000,1,0.9956
619,321.5000,243.5000,1,0.9956
620,321.5000,243.5000,1,0.9956
621,321.5000,244.5000,1,0.9956
622,321.5000,244.5000,1,0.9956
623,321.5000,244.5000,1,0.9956
624,321.5000,243.5000,1,0.9956
625,321.5000,244.5000,1,0.9956
626,320.5000,244.5000,1,0.9956
627,321.5000,244.5000,1,0.9956
628,320.5000,244.5000,1,0.9956
629,321.5000,243.5000,1,0.9956
630,321.5000,244.5000,1,0.9956
631,321.5000,244.5000,1,0.9956
632,321.5000,244.5000,1,0.9956
633,320.5000,244.5000,1,0.9956
634,321.5000,244.5000,1,0.9956
635,320.5000,244.5000,1,0.9956
636,321.5000,244.5000,1,0.9956
637,321.5000,244.5000,1,0.9956
638,320.5000,244.5000,1,0.9956
639,321.5000,244.5000,1,0.9956
640,320.5000,244.5000,1,0.9956
641,320.5000,244.5000,1,0.9956
642,321.5000,244.5000,1,0.9956
643,320.5000,244.5000,1,0.9956
644,320.5000,244.5000,1,0.9956
645,321.5000,244.5000,1,0.9956
646,320.5000,244.5000,1,0.9956
647,320.5000,244.5000,1,0.9956
648,321.5000,244.5000,1,0.9956
649,320.5000,244.5000,1,0.9956
650,320.5000,244.5000,1,0.9956
651,320.5000,244.5000,1,0.9956
652,321.5000,244.5000,1,0.9956
653,320.5000,243.5000,1,0.9956
654,320.5000,244.5000,1,0.9956
655,320.5000,243.5000,1,0.9956
656,321.5000,245.5000,1,0.9956
657,320.5000,244.5000,1,0.9956
658,320.5000,244.5000,1,0.9956
659,320.5000,244.5000,1,0.9956
660,320.5000,244.5000,1,0.9956
661,319.5000,243.5000,1,0.9956
662,320.5000,244.5000,1,0.9956
663,320.5000,244.5000,1,0.9956
664,320.5000,244.5000,1,0.9956
665,320.5000,244.5000,1,0.9956
666,319.5000,244.5000,1,0.9956
667,319.5000,244.5000,1,0.9956
668,319.5000,244.5000,1,0.9956
669,319.5000,244.5000,1,0.9956
670,319.5000,244.5000,1,0.9956
671,319.5000,244.5000,1,0.9956
672,319.5000,244.5000,1,0.9956
673,319.5000,244.5000,1,0.9956
674,319.5000,244.5000,1,0.9956
675,319.5000,244.5000,1,0.9956
676,319.5000,244.5000,1,0.9956
677,318.5000,244.5000,1,0.9956
678,319.5000,244.5000,1,0.9956
679,318.5000,244.5000,1,0.9956
680,318.5000,244.5000,1,0.9956
681,318.5000,243.5000,1,0.9956
682,318.5000,244.5000,1,0.9956
683,318.5000,244.5000,1,0.9956
684,319.5000,244.5000,1,0.9956
685,318.5000,244.5000,1,0.9956
686,319.5000,244.5000,1,0.9956
687,318.5000,244.5000,1,0.9956
688,319.5000,244.5000,1,0.9956
689,319.5000,244.5000,1,0.9956
690,317.5000,244.5000,1,0.9956
691,318.5000,243.5000,1,0.9956
692,318.5000,244.5000,1,0.9956
693,318.5000,243.5000,1,0.9956
694,319.5000,244.5000,1,0.9956
695,318.5000,244.5000,1,0.9956
696,318.5000,244.5000,1,0.9956
697,318.5000,244.5000,1,0.9956
698,318.5000,244.5000,1,0.9956
699,318.5000,243.5000,1,0.9956
700,318.5000,244.5000,1,0.9956
701,318.5000,244.5000,1,0.9956
702,318.5000,244.5000,1,0.9956
703,318.5000,243.5000,1,0.9956
704,318.5000,244.5000,1,0.9956
705,318.5000,243.5000,1,0.9956
706,318.5000,244.5000,1,0.9956
707,318.5000,243.5000,1,0.9956
708,317.5000,244.5000,1,0.9956
709,318.5000,244.5000,1,0.9956
710,318.5000,244.5000,1,0.9956
711,317.5000,244.5000,1,0.9956
712,318.5000,243.5000,1,0.9956
713,317.5000,244.5000,1,0.9956
714,318.5000,243.5000,1,0.9956
715,317.5000,244.5000,1,0.9956
716,318.5000,244.5000,1,0.9956
717,317.5000,243.5000,1,0.9956
718,318.5000,244.5000,1,0.9956
719,317.5000,243.5000,1,0.9956
720,318.5000,243.5000,1,0.9956
721,317.5000,244.5000,1,0.9956
722,318.5000,243.5000,1,0.9956
723,317.5000,244.5000,1,0.9956
724,318.5000,243.5000,1,0.9956
725,317.5000,243.5000,1,0.9956
726,317.5000,244.5000,1,0.9956
727,317.5000,243.5000,1,0.9956
728,317.5000,243.5000,1,0.9956
729,317.5000,244.5000,1,0.9956
730,317.5000,243.5000,1,0.9956
731,317.5000,243.5000,1,0.9956
732,317.5000,243.5000,1,0.9956
733,317.5000,243.5000,1,0.9956
734,317.5000,243.5000,1,0.9956
735,317.5000,243.5000,1,0.9956
736,316.5000,243.5000,1,0.9956
737,317.5000,244.5000,1,0.9956
738,317.5000,243.5000,1,0.9956
739,317.5000,243.5000,1,0.9956
740,316.5000,243.5000,1,0.9956
741,316.5000,243.5000,1,0.9956
742,318.5000,243.5000,1,0.9956
743,317.5000,243.5000,1,0.9956
744,317.5000,243.5000,1,0.9956
745,316.5000,243.5000,1,0.9956
746,317.5000,243.5000,1,0.9956
747,316.5000,242.5000,1,0.9956
748,316.5000,243.5000,1,0.9956
749,316.5000,243.5000,1,0.9956
750,316.5000,242.5000,1,0.9956
751,316.5000,243.5000,1,0.9956
752,317.5000,243.5000,1,0.9956
753,316.5000,242.5000,1,0.9956
754,316.5000,243.5000,1,0.9956
755,317.5000,243.5000,1,0.9956
756,316.5000,242.5000,1,0.9956
757,316.5000,243.5000,1,0.9956
758,317.5000,243.5000,1,0.9956
759,316.5000,242.5000,1,0.9956
760,317.5000,243.5000,1,0.9956
761,316.5000,243.5000,1,0.9956
762,317.5000,242.5000,1,0.9956
763,316.5000,243.5000,1,0.9956
764,317.5000,243.5000,1,0.9956
765,316.5000,242.5000,1,0.9956
766,316.5000,242.5000,1,0.9956
767,316.5000,243.5000,1,0.9956
768,316.5000,242.5000,1,0.9956
769,316.5000,242.5000,1,0.9956
770,315.5000,242.5000,1,0.9956
771,316.5000,242.5000,1,0.9956
772,316.5000,242.5000,1,0.9956
773,316.5000,242.5000,1,0.9956
774,316.5000,242.5000,1,0.9956
775,316.5000,242.5000,1,0.9956
776,316.5000,242.5000,1,0.9956
777,315.5000,242.5000,1,0.9956
778,316.5000,243.5000,1,0.9956
779,316.5000,242.5000,1,0.9956
780,315.5000,242.5000,1,0.9956
781,316.5000,241.5000,1,0.9956
782,316.5000,242.5000,1,0.9956
783,316.5000,242.5000,1,0.9956
784,316.5000,241.5000,1,0.9956
785,315.5000,242.5000,1,0.9956
786,316.5000,242.5000,1,0.9956
787,315.5000,242.5000,1,0.9956
788,316.5000,242.5000,1,0.9956
789,315.5000,241.5000,1,0.9956
790,316.5000,242.5000,1,0.9956
791,315.5000,242.5000,1,0.9956
792,316.5000,241.5000,1,0.9956
793,315.5000,242.5000,1,0.9956
794,316.5000,241.5000,1,0.9956
795,315.5000,242.5000,1,0.9956
796,316.5000,241.5000,1,0.9956
797,315.5000,241.5000,1,0.9956
798,315.5000,241.5000,1,0.9956
799,316.5000,241.5000,1,0.9956
800,315.5000,242.5000,1,0.9956
801,316.5000,241.5000,1,0.9956
802,316.5000,242.5000,1,0.9956
803,315.5000,241.5000,1,0.9956
804,316.5000,241.5000,1,0.9956
805,315.5000,241.5000,1,0.9956
806,315.5000,241.5000,1,0.9956
807,315.5000,241.5000,1,0.9956
808,316.5000,241.5000,1,0.9956
809,315.5000,241.5000,1,0.9956
810,315.5000,241.5000,1,0.9956
811,315.5000,241.5000,1,0.9956
812,316.5000,241.5000,1,0.9956
813,315.5000,241.5000,1,0.9956
814,315.5000,241.5000,1,0.9956
815,315.5000,241.5000,1,0.9956
816,315.5000,240.5000,1,0.9956
817,316.5000,241.5000,1,0.9956
818,315.5000,240.5000,1,0.9956
819,315.5000,241.5000,1,0.9956
820,315.5000,241.5000,1,0.9956
821,315.5000,241.5000,1,0.9956
822,315.5000,240.5000,1,0.9956
823,315.5000,240.5000,1,0.9956
824,315.5000,241.5000,1,0.9956
825,315.5000,241.5000,1,0.9956
826,315.5000,241.5000,1,0.9956
827,316.5000,240.5000,1,0.9956
828,315.5000,240.5000,1,0.9956
829,315.5000,241.5000,1,0.9956
830,315.5000,241.5000,1,0.9956
831,316.5000,240.5000,1,0.9956
832,315.5000,241.5000,1,0.9956
833,315.5000,240.5000,1,0.9956
834,314.5000,240.5000,1,0.9956
835,315.5000,241.5000,1,0.9956
836,315.5000,240.5000,1,0.9956
837,315.5000,240.5000,1,0.9956
838,315.5000,240.5000,1,0.9956
839,315.5000,241.5000,1,0.9956
840,315.5000,240.5000,1,0.9956
841,315.5000,240.5000,1,0.9956
842,315.5000,240.5000,1,0.9956
843,316.5000,240.5000,1,0.9956
844,315.5000,240.5000,1,0.9956
845,315.5000,240.5000,1,0.9956
846,315.5000,240.5000,1,0.9956
847,315.5000,240.5000,1,0.9956
848,315.5000,241.5000,1,0.9956
849,315.5000,240.5000,1,0.9956
850,314.5000,240.5000,1,0.9956
851,315.5000,240.5000,1,0.9956
852,315.5000,239.5000,1,0.9956
853,315.5000,239.5000,1,0.9956
854,316.5000,239.5000,1,0.9956
855,315.5000,239.5000,1,0.9956
856,315.5000,240.5000,1,0.9956
857,315.5000,239.5000,1,0.9956
858,315.5000,239.5000,1,0.9956
859,315.5000,239.5000,1,0.9956
860,315.5000,239.5000,1,0.9956
861,315.5000,239.5000,1,0.9956
862,315.5000,238.5000,1,0.9956
863,315.5000,239.5000,1,0.9956
864,315.5000,238.5000,1,0.9956
865,315.5000,239.5000,1,0.9956
866,315.5000,238.5000,1,0.9956
867,316.5000,239.5000,1,0.9956
868,315.5000,239.5000,1,0.9956
869,315.5000,238.5000,1,0.9956
870,315.5000,239.5000,1,0.9956
871,315.5000,238.5000,1,0.9956
872,315.5000,239.5000,1,0.9956
873,315.5000,238.5000,1,0.9956
874,315.5000,238.5000,1,0.9956
875,316.5000,238.5000,1,0.9956
876,315.5000,238.5000,1,0.9956
877,315.5000,238.5000,1,0.9956
878,315.5000,239.5000,1,0.9956
879,315.5000,238.5000,1,0.9956
880,315.5000,239.5000,1,0.9956
881,315.5000,237.5000,1,0.9956
882,315.5000,238.5000,1,0.9956
883,315.5000,238.5000,1,0.9956
884,316.5000,239.5000,1,0.9956
885,315.5000,237.5000,1,0.9956
886,316.5000,238.5000,1,0.9956
887,315.5000,238.5000,1,0.9956
888,316.5000,238.5000,1,0.9956
889,315.5000,238.5000,1,0.9956
890,315.5000,238.5000,1,0.9956
891,315.5000,238.5000,1,0.9956
892,316.5000,238.5000,1,0.9956
893,315.5000,238.5000,1,0.9956
894,315.5000,238.5000,1,0.9956
895,315.5000,237.5000,1,0.9956
896,315.5000,238.5000,1,0.9956
897,316.5000,238.5000,1,0.9956
898,315.5000,238.5000,1,0.9956
899,316.5000,238.5000,1,0.9956
